nombre_pokemon,altura,peso,estado_evolutivo,nombre_tipo,descripcion_pokemon,imagen_url
"BULBASAUR",0.70,6.90,"BASICO","PLANTA","DESDE QUE NACE, CRECE ALIMENTÁNDOSE DE LOS NUTRIENTES QUE CONTIENE LA SEMILLA DE SU LOMO.","https://raw.githubusercontent.com/PokeAPI/sprites/master/sprites/pokemon/other/official-artwork/1.png"
"IVYSAUR",1.00,13.00,"INTERMEDIO","PLANTA","LA LUZ DEL SOL LO FORTALECE Y HACE QUE LE CREZCA EL CAPULLO QUE TIENE EN EL LOMO.","https://raw.githubusercontent.com/PokeAPI/sprites/master/sprites/pokemon/other/official-artwork/2.png"
"VENUSAUR",2.00,100.00,"FINAL","PLANTA","LA FLOR QUE TIENE EN EL LOMO LIBERA UN DELICADO AROMA, QUE TIENE UN EFECTO RELAJANTE EN COMBATE.","https://raw.githubusercontent.com/PokeAPI/sprites/master/sprites/pokemon/other/official-artwork/3.png"
"CHARMANDER",0.60,8.50,"BASICO","FUEGO","ESTE POKÉMON NACE CON UNA LLAMA EN LA PUNTA DE LA COLA. SI SE LE APAGARA, FALLECERÍA.","https://raw.githubusercontent.com/PokeAPI/sprites/master/sprites/pokemon/other/official-artwork/4.png"
"CHARMELEON",1.10,19.00,"INTERMEDIO","FUEGO","SI SE EXALTA EN COMBATE, EXPULSA INTENSAS LLAMARADAS QUE INCINERAN TODO A SU ALREDEDOR.","https://raw.githubusercontent.com/PokeAPI/sprites/master/sprites/pokemon/other/official-artwork/5.png"
"CHARIZARD",1.70,90.50,"FINAL","FUEGO","SUS POTENTES ALAS LE PERMITEN VOLAR A UNA ALTURA DE 1400 M. ESCUPE LLAMARADAS QUE LLEGAN A ALCANZAR TEMPERATURAS ELEVADÍSIMAS.","https://raw.githubusercontent.com/PokeAPI/sprites/master/sprites/pokemon/other/official-artwork/6.png"
"SQUIRTLE",0.50,9.00,"BASICO","AGUA","CUANDO SE SIENTE EN PELIGRO, SE ESCONDE EN SU CAPARAZÓN Y ESCUPE CHORROS DE AGUA POR LA BOCA.","https://raw.githubusercontent.com/PokeAPI/sprites/master/sprites/pokemon/other/official-artwork/7.png"
"WARTORTLE",1.00,22.50,"INTERMEDIO","AGUA","UTILIZA HÁBILMENTE SUS PELUDAS OREJAS Y LA COLA PARA MANTENER EL EQUILIBRIO AL NADAR.","https://raw.githubusercontent.com/PokeAPI/sprites/master/sprites/pokemon/other/official-artwork/8.png"
"BLASTOISE",1.60,85.50,"FINAL","AGUA","DISPARA CHORROS DE AGUA A TRAVÉS DE LOS CAÑONES DE SU CAPARAZÓN, CAPACES DE AGUJEREAR INCLUSO EL ACERO.","https://raw.githubusercontent.com/PokeAPI/sprites/master/sprites/pokemon/other/official-artwork/9.png"
"CATERPIE",0.30,2.90,"BASICO","BICHO","SUS CORTAS PATAS ESTÁN RECUBIERTAS DE VENTOSAS QUE LE PERMITEN SUBIR INCANSABLE POR MUROS Y CUESTAS.","https://raw.githubusercontent.com/PokeAPI/sprites/master/sprites/pokemon/other/official-artwork/10.png"
"METAPOD",0.70,9.90,"INTERMEDIO","BICHO","AUNQUE CUENTA CON UNA CORAZA MUY DURA, TIENE UN CUERPO BASTANTE BLANDO. UN ATAQUE VIOLENTO PUEDE ACABAR CON ÉL.","https://raw.githubusercontent.com/PokeAPI/sprites/master/sprites/pokemon/other/official-artwork/11.png"
"BUTTERFREE",1.10,32.00,"FINAL","BICHO","RECOGE NÉCTAR A DIARIO Y SE LO ADHIERE AL PELO DE LAS PATAS PARA LLEVARLO A SU NIDO.","https://raw.githubusercontent.com/PokeAPI/sprites/master/sprites/pokemon/other/official-artwork/12.png"
"WEEDLE",0.30,3.20,"BASICO","BICHO","EL AGUIJÓN DE LA CABEZA ES MUY PUNTIAGUDO. SE ALIMENTA DE HOJAS OCULTO EN LA ESPESURA DE BOSQUES Y PRADERAS.","https://raw.githubusercontent.com/PokeAPI/sprites/master/sprites/pokemon/other/official-artwork/13.png"
"KAKUNA",0.60,10.00,"INTERMEDIO","BICHO","AUNQUE ES CASI INCAPAZ DE MOVERSE, EN CASO DE SENTIRSE AMENAZADO PUEDE ENVENENAR A LOS ENEMIGOS CON SU AGUIJÓN.","https://raw.githubusercontent.com/PokeAPI/sprites/master/sprites/pokemon/other/official-artwork/14.png"
"BEEDRILL",1.00,29.50,"FINAL","BICHO","TIENE TRES AGUIJONES VENENOSOS, DOS EN LAS PATAS ANTERIORES Y UNO EN LA PARTE BAJA DEL ABDOMEN, CON LOS QUE ATACA A SUS ENEMIGOS UNA Y OTRA VEZ.","https://raw.githubusercontent.com/PokeAPI/sprites/master/sprites/pokemon/other/official-artwork/15.png"
"PIDGEY",0.30,1.80,"BASICO","NORMAL","SU DOCILIDAD ES TAL QUE SUELEN DEFENDERSE LEVANTANDO ARENA EN LUGAR DE CONTRAATACAR.","https://raw.githubusercontent.com/PokeAPI/sprites/master/sprites/pokemon/other/official-artwork/16.png"
"PIDGEOTTO",1.10,30.00,"INTERMEDIO","NORMAL","SU EXTRAORDINARIA VITALIDAD Y RESISTENCIA LE PERMITEN CUBRIR GRANDES DISTANCIAS DEL TERRITORIO QUE HABITA EN BUSCA DE PRESAS.","https://raw.githubusercontent.com/PokeAPI/sprites/master/sprites/pokemon/other/official-artwork/17.png"
"PIDGEOT",1.50,39.50,"FINAL","NORMAL","ESTE POKÉMON VUELA A UNA VELOCIDAD DE 2 MACH EN BUSCA DE PRESAS. SUS GRANDES GARRAS SON ARMAS MUY PELIGROSAS.","https://raw.githubusercontent.com/PokeAPI/sprites/master/sprites/pokemon/other/official-artwork/18.png"
"RATTATA",0.30,3.50,"BASICO","NORMAL","ES PROPENSO A HINCAR LOS INCISIVOS EN CUALQUIER COSA QUE SE LE PONGA POR DELANTE. SI SE VE ALGUNO, SEGURAMENTE HAYA CUARENTA CERCA.","https://raw.githubusercontent.com/PokeAPI/sprites/master/sprites/pokemon/other/official-artwork/19.png"
"RATICATE",0.70,18.50,"FINAL","NORMAL","GRACIAS A LAS PEQUEÑAS MEMBRANAS DE LAS PATAS TRASERAS, PUEDE NADAR POR LOS RÍOS PARA CAPTURAR PRESAS.","https://raw.githubusercontent.com/PokeAPI/sprites/master/sprites/pokemon/other/official-artwork/20.png"
"SPEAROW",0.30,2.00,"BASICO","NORMAL","A LA HORA DE PROTEGER SU TERRITORIO, COMPENSA SU INCAPACIDAD PARA VOLAR A GRAN ALTURA CON UNA INCREÍBLE VELOCIDAD.","https://raw.githubusercontent.com/PokeAPI/sprites/master/sprites/pokemon/other/official-artwork/21.png"
"FEAROW",1.20,38.00,"FINAL","NORMAL","ESTE POKÉMON HA EXISTIDO DESDE TIEMPOS REMOTOS. AL MENOR ATISBO DE PELIGRO, ALZA EL VUELO Y HUYE.","https://raw.githubusercontent.com/PokeAPI/sprites/master/sprites/pokemon/other/official-artwork/22.png"
"EKANS",2.00,6.90,"BASICO","VENENO","LA LONGITUD DE ESTE POKÉMON AUMENTA CON EL TIEMPO. POR LA NOCHE, SE ENROSCA EN LAS RAMAS DE LOS ÁRBOLES PARA DESCANSAR.","https://raw.githubusercontent.com/PokeAPI/sprites/master/sprites/pokemon/other/official-artwork/23.png"
"ARBOK",3.50,65.00,"FINAL","VENENO","SE HAN LLEGADO A IDENTIFICAR HASTA SEIS VARIACIONES DISTINTAS DE LOS ESPELUZNANTES DIBUJOS DE SU PIEL.","https://raw.githubusercontent.com/PokeAPI/sprites/master/sprites/pokemon/other/official-artwork/24.png"
"PIKACHU",0.40,6.00,"INTERMEDIO","ELECTRICO","LOS MIEMBROS DE ESTA ESPECIE SE SALUDAN ENTRE SÍ UNIENDO SUS COLAS Y TRANSMITIÉNDOSE CORRIENTE ELÉCTRICA.","https://raw.githubusercontent.com/PokeAPI/sprites/master/sprites/pokemon/other/official-artwork/25.png"
"RAICHU",0.80,30.00,"FINAL","ELECTRICO","CUANDO HA DESCARGADO LAS BOLSAS DE LAS MEJILLAS, LEVANTA LA COLA Y ABSORBE LA CARGA ELÉCTRICA QUE HAY EN EL AMBIENTE.","https://raw.githubusercontent.com/PokeAPI/sprites/master/sprites/pokemon/other/official-artwork/26.png"
"SANDSHREW",0.60,12.00,"BASICO","TIERRA","EXCAVA MADRIGUERAS PROFUNDAS EN LAS QUE VIVE. PARTE CON SUS AFILADAS GARRAS CUALQUIER ROCA, POR DURA QUE SEA, QUE LE ENTORPEZCA EL CAMINO.","https://raw.githubusercontent.com/PokeAPI/sprites/master/sprites/pokemon/other/official-artwork/27.png"
"SANDSLASH",1.00,29.50,"FINAL","TIERRA","TREPA A LOS ÁRBOLES CON SUS AFILADAS GARRAS Y DEJA CAER BAYAS PARA LOS SANDSHREW QUE ESPERAN DEBAJO.","https://raw.githubusercontent.com/PokeAPI/sprites/master/sprites/pokemon/other/official-artwork/28.png"
"NIDORAN♀",0.40,7.00,"BASICO","VENENO","PARTE LAS BAYAS CON SUS DUROS INCISIVOS PARA COMÉRSELAS. LA PUNTA DEL CUERNO DE LAS HEMBRAS ES MÁS REDONDEADA QUE LA DE LOS MACHOS.","https://raw.githubusercontent.com/PokeAPI/sprites/master/sprites/pokemon/other/official-artwork/29.png"
"NIDORINA",0.80,20.00,"INTERMEDIO","VENENO","CUANDO EL PELIGRO SE CIERNE SOBRE LA MANADA, LOS MIEMBROS UNEN FUERZAS PARA DEFENDERSE EMITIENDO UN CORO DE ONDAS ULTRASÓNICAS.","https://raw.githubusercontent.com/PokeAPI/sprites/master/sprites/pokemon/other/official-artwork/30.png"
"NIDOQUEEN",1.30,60.00,"FINAL","VENENO","PARA MECER A SUS CRÍAS, LAS COLOCA EN LOS HUECOS QUE TIENE ENTRE LAS PÚAS DORSALES, MOMENTO DURANTE EL CUAL NO SECRETAN VENENO.","https://raw.githubusercontent.com/PokeAPI/sprites/master/sprites/pokemon/other/official-artwork/31.png"
"NIDORAN♂",0.50,9.00,"BASICO","VENENO","PEQUEÑO PERO VALIENTE. ARRIESGARÍA LA VIDA EN COMBATE CON TAL DE PROTEGER A SU COMPAÑERA.","https://raw.githubusercontent.com/PokeAPI/sprites/master/sprites/pokemon/other/official-artwork/32.png"
"NIDORINO",0.90,19.50,"INTERMEDIO","VENENO","ES NERVIOSO Y AGRESIVO POR NATURALEZA. CUANDO SUBEN SUS NIVELES DE ADRENALINA, LA CONCENTRACIÓN DE TOXINAS EN SU VENENO AUMENTA.","https://raw.githubusercontent.com/PokeAPI/sprites/master/sprites/pokemon/other/official-artwork/33.png"
"NIDOKING",1.40,62.00,"FINAL","VENENO","PRESUME DE SU HERCÚLEA FUERZA Y COMBATE VIGOROSAMENTE CON SU ROBUSTA COLA Y SU CUERNO, CON EL QUE HASTA PUEDE PULVERIZAR DIAMANTES.","https://raw.githubusercontent.com/PokeAPI/sprites/master/sprites/pokemon/other/official-artwork/34.png"
"CLEFAIRY",0.60,7.50,"INTERMEDIO","HADA","SU ADORABLE GRITO Y COMPORTAMIENTO LO HACEN MUY POPULAR. SIN EMBARGO, RARAMENTE SE AVISTA.","https://raw.githubusercontent.com/PokeAPI/sprites/master/sprites/pokemon/other/official-artwork/35.png"
"CLEFABLE",1.30,40.00,"FINAL","HADA","SU OÍDO ES TAN FINO QUE PUEDE PERCIBIR CÓMO CAE UNA AGUJA A 1 KM DE DISTANCIA. POR ESO SUELE HABITAR EN LUGARES TRANQUILOS.","https://raw.githubusercontent.com/PokeAPI/sprites/master/sprites/pokemon/other/official-artwork/36.png"
"VULPIX",0.60,9.90,"BASICO","FUEGO","SU PELAJE SE VA VOLVIENDO MÁS SUAVE, LUSTROSO Y BELLO A MEDIDA QUE LE CRECEN LAS SEIS COLAS. AL ABRAZARLO, EMANA UNA LIGERA CALIDEZ.","https://raw.githubusercontent.com/PokeAPI/sprites/master/sprites/pokemon/other/official-artwork/37.png"
"NINETALES",1.10,19.90,"FINAL","FUEGO","MUY INTELIGENTE Y VENGATIVO. AGARRAR UNA DE SUS COLAS PODRÍA TRAER 1000 AÑOS DE MALA SUERTE.","https://raw.githubusercontent.com/PokeAPI/sprites/master/sprites/pokemon/other/official-artwork/38.png"
"JIGGLYPUFF",0.50,5.50,"INTERMEDIO","NORMAL","POSEE LA CAPACIDAD DE MODULAR SU VOZ A VOLUNTAD CAMBIANDO LA LONGITUD DE ONDA PARA ENTONAR UNA MELODÍA MISTERIOSA QUE PROVOCA ADORMECIMIENTO.","https://raw.githubusercontent.com/PokeAPI/sprites/master/sprites/pokemon/other/official-artwork/39.png"
"WIGGLYTUFF",1.00,12.00,"FINAL","NORMAL","SE ENORGULLECE DE SU PELAJE FINO Y SEDOSO. EL RIZO DE LA FRENTE, EN ESPECIAL, POSEE UN TACTO SUBLIME.","https://raw.githubusercontent.com/PokeAPI/sprites/master/sprites/pokemon/other/official-artwork/40.png"
"ZUBAT",0.80,7.50,"BASICO","VENENO","HABITAN EN CUEVAS DONDE NO LLEGAN LOS RAYOS DEL SOL. DE DÍA, SE ACURRUCAN UNOS JUNTO A OTROS PARA ENTRAR EN CALOR MIENTRAS DUERMEN.","https://raw.githubusercontent.com/PokeAPI/sprites/master/sprites/pokemon/other/official-artwork/41.png"
"GOLBAT",1.60,55.00,"INTERMEDIO","VENENO","CAMINA CON SOLTURA SOBRE SUS PEQUEÑAS PATAS. SE ACERCA CON SIGILO A SU PRESA MIENTRAS ESTA DUERME Y LE CLAVA LOS COLMILLOS PARA CHUPARLE LA SANGRE.","https://raw.githubusercontent.com/PokeAPI/sprites/master/sprites/pokemon/other/official-artwork/42.png"
"ODDISH",0.50,5.40,"BASICO","PLANTA","DURANTE EL DÍA, SE AGAZAPA EN EL FRÍO SUBSUELO HUYENDO DEL SOL. LA LUZ DE LA LUNA LE HACE CRECER.","https://raw.githubusercontent.com/PokeAPI/sprites/master/sprites/pokemon/other/official-artwork/43.png"
"GLOOM",0.80,8.60,"INTERMEDIO","PLANTA","LO QUE PARECE BABA ES REALMENTE UN NÉCTAR MUY PEGAJOSO QUE SE ADHIERE SIN REMISIÓN AL TOCARLO.","https://raw.githubusercontent.com/PokeAPI/sprites/master/sprites/pokemon/other/official-artwork/44.png"
"VILEPLUME",1.20,18.60,"FINAL","PLANTA","CUANTO MAYORES SON SUS PÉTALOS, MÁS TÓXICO ES SU POLEN. LE PESA LA CABEZA Y LE CUESTA MANTENERLA ERGUIDA.","https://raw.githubusercontent.com/PokeAPI/sprites/master/sprites/pokemon/other/official-artwork/45.png"
"PARAS",0.30,5.40,"BASICO","BICHO","ESCARBA EN EL SUELO PARA EXTRAER NUTRIENTES DE LAS RAÍCES DE LOS ÁRBOLES, QUE LAS SETAS DEL LOMO ABSORBEN DESPUÉS CASI POR COMPLETO.","https://raw.githubusercontent.com/PokeAPI/sprites/master/sprites/pokemon/other/official-artwork/46.png"
"PARASECT",1.00,29.50,"FINAL","BICHO","TRAS LARGO TIEMPO ABSORBIENDO LA ENERGÍA DEL HUÉSPED, LA SETA PARÁSITA DEL LOMO ES LA QUE PARECE CONTROLAR LA VOLUNTAD DE ESTE POKÉMON.","https://raw.githubusercontent.com/PokeAPI/sprites/master/sprites/pokemon/other/official-artwork/47.png"
"VENONAT",1.00,30.00,"BASICO","BICHO","SUS GRANDES OJOS ACTÚAN COMO RADARES. A PLENA LUZ SE PERCIBE QUE SON, EN REALIDAD, GRUPOS DE OJOS DIMINUTOS.","https://raw.githubusercontent.com/PokeAPI/sprites/master/sprites/pokemon/other/official-artwork/48.png"
"VENOMOTH",1.50,12.50,"FINAL","BICHO","LAS ALAS DESPRENDEN UN POLVILLO DE ESCAMAS IMPREGNADO DE TOXINAS QUE SE ADHIERE AL CONTACTO Y RESULTA DIFÍCIL DE QUITAR.","https://raw.githubusercontent.com/PokeAPI/sprites/master/sprites/pokemon/other/official-artwork/49.png"
"DIGLETT",0.20,0.80,"BASICO","TIERRA","ESTE POKÉMON AVANZA HORADANDO LA TIERRA A POCA PROFUNDIDAD. RESULTA FÁCIL LOCALIZARLO POR LOS MONTÍCULOS QUE DEJA COMO RASTRO.","https://raw.githubusercontent.com/PokeAPI/sprites/master/sprites/pokemon/other/official-artwork/50.png"
"DUGTRIO",0.70,33.30,"FINAL","TIERRA","ESTOS TRILLIZOS CAVAN A UNA PROFUNDIDAD DE HASTA 100 KM. SE DESCONOCE EL ASPECTO DE LA PARTE DE SUS CUERPOS QUE SE OCULTA BAJO TIERRA.","https://raw.githubusercontent.com/PokeAPI/sprites/master/sprites/pokemon/other/official-artwork/51.png"
"MEOWTH",0.40,4.20,"BASICO","NORMAL","SE LAVA CUIDADOSAMENTE LA CARA PARA QUE NO SE LE ENSUCIE LA MONEDA DE ORO QUE TIENE EN LA FRENTE. NO SE LLEVA NADA BIEN CON LOS MEOWTH DE GALAR.","https://raw.githubusercontent.com/PokeAPI/sprites/master/sprites/pokemon/other/official-artwork/52.png"
"PERSIAN",1.00,32.00,"FINAL","NORMAL","HACE GALA DE UN PORTE ELEGANTE Y MAJESTUOSO. NO CONGENIA CON LOS TOSCOS PERRSERKER Y AMBOS SE PROFESAN UN MUTUO DESPRECIO.","https://raw.githubusercontent.com/PokeAPI/sprites/master/sprites/pokemon/other/official-artwork/53.png"
"PSYDUCK",0.80,19.60,"BASICO","AGUA","SUS DOLORES DE CABEZA EMPEORAN A MEDIDA QUE AUMENTA SU NIVEL DE ESTRÉS. SU INCREÍBLE PODER PSÍQUICO PUEDE CAUSAR ESTRAGOS A SU ALREDEDOR.","https://raw.githubusercontent.com/PokeAPI/sprites/master/sprites/pokemon/other/official-artwork/54.png"
"GOLDUCK",1.70,76.60,"FINAL","AGUA","CUENTA UNA ANTIGUA LEYENDA QUE LOS GOLDUCK ARRASTRABAN A QUIENES CONTAMINARAN SUS RÍOS AL FONDO DE LAS AGUAS.","https://raw.githubusercontent.com/PokeAPI/sprites/master/sprites/pokemon/other/official-artwork/55.png"
"MANKEY",0.50,28.00,"BASICO","LUCHA","ESTE ÁGIL POKÉMON VIVE EN LOS ÁRBOLES. SE ENFADA CON FACILIDAD Y, CUANDO LO HACE, SE ABALANZA CONTRA TODO LO QUE SE ENCUENTRE A SU ALREDEDOR.","https://raw.githubusercontent.com/PokeAPI/sprites/master/sprites/pokemon/other/official-artwork/56.png"
"PRIMEAPE",1.00,32.00,"INTERMEDIO","LUCHA","SOLO SE CALMA CUANDO NO HAY NADIE CERCA, POR LO QUE LLEGAR A VER ESE MOMENTO RESULTA VERDADERAMENTE DIFÍCIL.","https://raw.githubusercontent.com/PokeAPI/sprites/master/sprites/pokemon/other/official-artwork/57.png"
"GROWLITHE",0.70,19.00,"BASICO","FUEGO","EXTREMADAMENTE FIEL, LADRARÁ FURIOSO A CUALQUIERA QUE SUPONGA UNA AMENAZA PARA SU ENTRENADOR CON TAL DE DEFENDERLO.","https://raw.githubusercontent.com/PokeAPI/sprites/master/sprites/pokemon/other/official-artwork/58.png"
"ARCANINE",1.90,155.00,"FINAL","FUEGO","MUCHOS HAN QUEDADO CAUTIVADOS POR SU BELLEZA DESDE LA ANTIGÜEDAD. CORRE ÁGILMENTE COMO SI TUVIERA ALAS.","https://raw.githubusercontent.com/PokeAPI/sprites/master/sprites/pokemon/other/official-artwork/59.png"
"POLIWAG",0.60,12.40,"BASICO","AGUA","EN RÍOS DE AGUAS BRAVAS, USA SUS GRUESOS LABIOS A MODO DE VENTOSA PARA ADHERIRSE A LAS ROCAS.","https://raw.githubusercontent.com/PokeAPI/sprites/master/sprites/pokemon/other/official-artwork/60.png"
"POLIWHIRL",1.00,20.00,"INTERMEDIO","AGUA","SECRETA UN SUDOR VISCOSO QUE LE SIRVE PARA ESCURRIRSE Y ESCAPAR DEL AGARRE DE SUS ENEMIGOS.","https://raw.githubusercontent.com/PokeAPI/sprites/master/sprites/pokemon/other/official-artwork/61.png"
"POLIWRATH",1.30,54.00,"FINAL","AGUA","NO SOLO ES UN EXPERTO NADADOR, SINO QUE TAMBIÉN DOMINA LAS ARTES MARCIALES. PROPINA ENÉRGICOS PUÑETAZOS GRACIAS A SUS MUSCULOSOS BRAZOS.","https://raw.githubusercontent.com/PokeAPI/sprites/master/sprites/pokemon/other/official-artwork/62.png"
"ABRA",0.90,19.50,"BASICO","PSIQUICO","PUEDE TELETRANSPORTARSE MIENTRAS DUERME. SE DICE QUE, CUANTO MÁS PROFUNDO SEA SU SUEÑO, MAYOR SERÁ LA DISTANCIA A LA QUE SE DESPLACE.","https://raw.githubusercontent.com/PokeAPI/sprites/master/sprites/pokemon/other/official-artwork/63.png"
"KADABRA",1.30,56.50,"INTERMEDIO","PSIQUICO","LA POTENCIA DE SU TELEQUINESIS ES INMENSA. ACUMULA PODER PSÍQUICO EN LA ESTRELLA DE LA FRENTE COMO PREPARATIVO DE CARA A SU EVOLUCIÓN.","https://raw.githubusercontent.com/PokeAPI/sprites/master/sprites/pokemon/other/official-artwork/64.png"
"ALAKAZAM",1.50,48.00,"FINAL","PSIQUICO","POSEE UNOS PODERES PSÍQUICOS EXTRAORDINARIOS CON LOS QUE, SEGÚN SE DICE, CREÓ LAS CUCHARAS QUE LLEVA EN LAS MANOS.","https://raw.githubusercontent.com/PokeAPI/sprites/master/sprites/pokemon/other/official-artwork/65.png"
"MACHOP",0.80,19.50,"BASICO","LUCHA","SIEMPRE REBOSANTE DE ENERGÍA, PASA EL TIEMPO LEVANTANDO PIEDRAS PARA HACERSE AÚN MÁS FUERTE.","https://raw.githubusercontent.com/PokeAPI/sprites/master/sprites/pokemon/other/official-artwork/66.png"
"MACHOKE",1.50,70.50,"INTERMEDIO","LUCHA","TIENE UNA COMPLEXIÓN TAN FUERTE QUE NUNCA SE CANSA. SUELE AYUDAR A LA GENTE A CARGAR OBJETOS PESADOS.","https://raw.githubusercontent.com/PokeAPI/sprites/master/sprites/pokemon/other/official-artwork/67.png"
"MACHAMP",1.60,130.00,"FINAL","LUCHA","PUEDE DAR VARIOS PUÑETAZOS DE UNA SOLA VEZ GRACIAS A SUS CUATRO BRAZOS. GOLPEA MÁS RÁPIDO DE LO QUE PIENSA.","https://raw.githubusercontent.com/PokeAPI/sprites/master/sprites/pokemon/other/official-artwork/68.png"
"BELLSPROUT",0.70,4.00,"BASICO","PLANTA","PREFIERE LUGARES CÁLIDOS Y HÚMEDOS. ATRAPA PEQUEÑOS POKÉMON INSECTOS CON SUS LIANAS PARA DEVORARLOS.","https://raw.githubusercontent.com/PokeAPI/sprites/master/sprites/pokemon/other/official-artwork/69.png"
"WEEPINBELL",1.00,6.40,"INTERMEDIO","PLANTA","CUANDO TIENE HAMBRE, ENGULLE A TODO LO QUE SE MUEVE. LA POBRE PRESA ACABA DISUELTA EN SUS ÁCIDOS.","https://raw.githubusercontent.com/PokeAPI/sprites/master/sprites/pokemon/other/official-artwork/70.png"
"VICTREEBEL",1.70,15.50,"FINAL","PLANTA","ATRAE A SU PRESA CON UN DULCE AROMA A MIEL. UNA VEZ ATRAPADA EN LA BOCA, LA DISUELVE EN TAN SOLO UN DÍA, HUESOS INCLUIDOS.","https://raw.githubusercontent.com/PokeAPI/sprites/master/sprites/pokemon/other/official-artwork/71.png"
"TENTACOOL",0.90,45.50,"BASICO","AGUA","SU CUERPO ESTÁ COMPUESTO CASI POR COMPLETO DE AGUA, POR LO QUE RESULTA MUY DIFÍCIL DISTINGUIRLO CUANDO ESTÁ SUMERGIDO EN EL MAR.","https://raw.githubusercontent.com/PokeAPI/sprites/master/sprites/pokemon/other/official-artwork/72.png"
"TENTACRUEL",1.60,55.00,"FINAL","AGUA","PUEDE ESTIRAR Y CONTRAER CON TOTAL LIBERTAD SUS 80 TENTÁCULOS. CON ELLOS ATRAPA A SUS PRESAS Y LES INYECTA UN VENENO DEBILITANTE.","https://raw.githubusercontent.com/PokeAPI/sprites/master/sprites/pokemon/other/official-artwork/73.png"
"GEODUDE",0.40,20.00,"BASICO","ROCA","SE SUELE ENCONTRAR EN SENDEROS DE MONTAÑA Y SITIOS PARECIDOS. CONVIENE ANDAR CON CUIDADO PARA NO PISARLO SIN QUERER Y PROVOCAR SU ENFADO.","https://raw.githubusercontent.com/PokeAPI/sprites/master/sprites/pokemon/other/official-artwork/74.png"
"GRAVELER",1.00,105.00,"INTERMEDIO","ROCA","SE LE SUELE VER RODANDO MONTAÑA ABAJO. NO EVITA LOS OBSTÁCULOS, SINO QUE LOS ARROLLA.","https://raw.githubusercontent.com/PokeAPI/sprites/master/sprites/pokemon/other/official-artwork/75.png"
"GOLEM",1.40,300.00,"FINAL","ROCA","NADA MÁS MUDAR LA PIEL, SU CUERPO SE VUELVE BLANDO Y BLANQUECINO, PERO SE ENDURECE AL POCO TIEMPO DE ENTRAR EN CONTACTO CON EL AIRE.","https://raw.githubusercontent.com/PokeAPI/sprites/master/sprites/pokemon/other/official-artwork/76.png"
"PONYTA",1.00,30.00,"BASICO","FUEGO","POR EXTRAÑO QUE PAREZCA, UNA VEZ QUE ALGUIEN SE HA HECHO MERECEDOR DE SU CONFIANZA, PUEDE TOCARLE LA ARDIENTE CRIN SIN QUEMARSE.","https://raw.githubusercontent.com/PokeAPI/sprites/master/sprites/pokemon/other/official-artwork/77.png"
"RAPIDASH",1.70,95.00,"FINAL","FUEGO","EL EJEMPLAR MÁS RÁPIDO SE CONVIERTE EN EL LÍDER DE LA MANADA Y DECIDE TANTO EL RITMO DE GALOPE COMO SU DESTINO.","https://raw.githubusercontent.com/PokeAPI/sprites/master/sprites/pokemon/other/official-artwork/78.png"
"SLOWPOKE",1.20,36.00,"BASICO","AGUA","HUNDE LA COLA EN EL AGUA Y LA USA CUAL CAÑA DE PESCAR. LA SUSTANCIA DULCE QUE SECRETA LE SIRVE DE CEBO PARA ATRAER A SUS PRESAS.","https://raw.githubusercontent.com/PokeAPI/sprites/master/sprites/pokemon/other/official-artwork/79.png"
"SLOWBRO",1.60,78.50,"FINAL","AGUA","SE VOLVIÓ BÍPEDO POR EL IMPACTO QUE LE CAUSÓ LA MORDEDURA DEL SHELLDER. SI ESTE SE DESPRENDE, VUELVE A CONVERTIRSE EN UN SLOWPOKE.","https://raw.githubusercontent.com/PokeAPI/sprites/master/sprites/pokemon/other/official-artwork/80.png"
"MAGNEMITE",0.30,6.00,"BASICO","ELECTRICO","SE NUTRE DE ELECTRICIDAD. PUEDE FLOTAR EN EL AIRE GRACIAS A LAS ONDAS ELECTROMAGNÉTICAS QUE EMITE A TRAVÉS DE LAS UNIDADES DE SUS EXTREMIDADES.","https://raw.githubusercontent.com/PokeAPI/sprites/master/sprites/pokemon/other/official-artwork/81.png"
"MAGNETON",1.00,60.00,"INTERMEDIO","ELECTRICO","EMITE DE FORMA CONSTANTE UNA POTENTE FUERZA MAGNÉTICA QUE CAUSA ESTRAGOS EN PRÁCTICAMENTE CUALQUIER ORDENADOR AL QUE SE ACERQUE.","https://raw.githubusercontent.com/PokeAPI/sprites/master/sprites/pokemon/other/official-artwork/82.png"
"FARFETCH’D",0.80,15.00,"BASICO","NORMAL","COMBATE EMPUÑANDO UN PUERRO COMO ARMA. LA FORMA DE BLANDIRLO ES TAN VARIADA QUE HA LLEGADO A GENERAR SUS PROPIAS ESCUELAS.","https://raw.githubusercontent.com/PokeAPI/sprites/master/sprites/pokemon/other/official-artwork/83.png"
"DODUO",1.40,39.20,"BASICO","NORMAL","LAS DIMINUTAS ALAS APENAS LE PERMITEN VOLAR, PERO PUEDE CORRER A GRAN VELOCIDAD GRACIAS A SUS PATAS HIPERDESARROLLADAS.","https://raw.githubusercontent.com/PokeAPI/sprites/master/sprites/pokemon/other/official-artwork/84.png"
"DODRIO",1.80,85.20,"FINAL","NORMAL","ESTE POKÉMON SURGE AL DIVIDIRSE UNA DE LAS CABEZAS DE DODUO. ES CAPAZ DE CORRER POR LAS PRADERAS A 60 KM/H.","https://raw.githubusercontent.com/PokeAPI/sprites/master/sprites/pokemon/other/official-artwork/85.png"
"SEEL",1.10,90.00,"BASICO","AGUA","LE ENCANTAN LOS LUGARES GÉLIDOS Y DISFRUTA NADANDO EN AGUAS A TEMPERATURAS EN TORNO A LOS -10 °C.","https://raw.githubusercontent.com/PokeAPI/sprites/master/sprites/pokemon/other/official-artwork/86.png"
"DEWGONG",1.70,120.00,"FINAL","AGUA","SU CUERPO ES BLANCO COMO LA NIEVE. PUEDE NADAR PLÁCIDAMENTE EN MARES GÉLIDOS GRACIAS A SU RESISTENCIA AL FRÍO.","https://raw.githubusercontent.com/PokeAPI/sprites/master/sprites/pokemon/other/official-artwork/87.png"
"GRIMER",0.90,30.00,"BASICO","VENENO","ESTÁ HECHO DE LODO ENDURECIDO. POCOS SE ATREVEN A TOCARLO DEBIDO A SU PESTILENCIA Y COMPOSICIÓN NOCIVA. ALLÁ POR DONDE PASA NO CRECE LA HIERBA.","https://raw.githubusercontent.com/PokeAPI/sprites/master/sprites/pokemon/other/official-artwork/88.png"
"MUK",1.20,30.00,"FINAL","VENENO","HUELE TAN MAL QUE PUEDE PROVOCAR DESMAYOS. SU NARIZ SE HA ATROFIADO DE TAL MANERA QUE HA PERDIDO POR COMPLETO EL SENTIDO DEL OLFATO.","https://raw.githubusercontent.com/PokeAPI/sprites/master/sprites/pokemon/other/official-artwork/89.png"
"SHELLDER",0.30,4.00,"BASICO","AGUA","LA CONCHA LO PROTEGE DE CUALQUIER TIPO DE ATAQUE. SOLO ES VULNERABLE CUANDO SE ABRE.","https://raw.githubusercontent.com/PokeAPI/sprites/master/sprites/pokemon/other/official-artwork/90.png"
"CLOYSTER",1.50,132.50,"FINAL","AGUA","UNA VEZ QUE HA CERRADO LA CONCHA, ES IMPOSIBLE ABRIRLA, INDEPENDIENTEMENTE DE LA FUERZA QUE SE EJERZA.","https://raw.githubusercontent.com/PokeAPI/sprites/master/sprites/pokemon/other/official-artwork/91.png"
"GASTLY",1.30,0.10,"BASICO","FANTASMA","CON SU CUERPO GASEOSO PUEDE COLARSE POR DONDE QUIERA, AUNQUE CON UN GOLPE DE VIENTO SALE DESPEDIDO.","https://raw.githubusercontent.com/PokeAPI/sprites/master/sprites/pokemon/other/official-artwork/92.png"
"HAUNTER",1.60,0.10,"INTERMEDIO","FANTASMA","CUANDO SE TIENE LA SENSACIÓN DE SER OBSERVADO EN LA OSCURIDAD SIN QUE HAYA NADIE ALREDEDOR, SEGURO QUE ES PORQUE UN HAUNTER ANDA CERCA.","https://raw.githubusercontent.com/PokeAPI/sprites/master/sprites/pokemon/other/official-artwork/93.png"
"GENGAR",1.50,40.50,"FINAL","FANTASMA","DICEN QUE SALE DE LA OSCURIDAD PARA ROBARLES EL ALMA A LOS QUE SE PIERDEN POR LAS MONTAÑAS.","https://raw.githubusercontent.com/PokeAPI/sprites/master/sprites/pokemon/other/official-artwork/94.png"
"ONIX",8.80,210.00,"BASICO","ROCA","PERFORA EL SUELO A UNA VELOCIDAD DE 80 KM/H GIRANDO Y RETORCIENDO SU ROBUSTO Y ENORME CUERPO.","https://raw.githubusercontent.com/PokeAPI/sprites/master/sprites/pokemon/other/official-artwork/95.png"
"DROWZEE",1.00,32.40,"BASICO","PSIQUICO","SI SE DUERME SIEMPRE EN COMPAÑÍA DE UN POKÉMON DE ESTA ESPECIE, PUEDE MOSTRAR SUEÑOS QUE HAYA INGERIDO CON ANTERIORIDAD.","https://raw.githubusercontent.com/PokeAPI/sprites/master/sprites/pokemon/other/official-artwork/96.png"
"HYPNO",1.60,75.60,"FINAL","PSIQUICO","CONVIENE EVITAR EL CONTACTO VISUAL EN CASO DE ENCONTRARSE CON ESTE POKÉMON, YA QUE PUEDE HIPNOTIZAR CON SU PÉNDULO.","https://raw.githubusercontent.com/PokeAPI/sprites/master/sprites/pokemon/other/official-artwork/97.png"
"KRABBY",0.40,6.50,"BASICO","AGUA","ANTE EL PELIGRO, SE CAMUFLA CON LAS BURBUJAS QUE DESPRENDE POR LA BOCA PARA PARECER MÁS GRANDE.","https://raw.githubusercontent.com/PokeAPI/sprites/master/sprites/pokemon/other/official-artwork/98.png"
"KINGLER",1.30,60.00,"FINAL","AGUA","SU GRAN PINZA POSEE UNA POTENCIA DEVASTADORA, PERO SU PESO EXCESIVO LA CONVIERTE EN UN ESTORBO FUERA DEL TERRENO DE COMBATE.","https://raw.githubusercontent.com/PokeAPI/sprites/master/sprites/pokemon/other/official-artwork/99.png"
"VOLTORB",0.50,10.40,"BASICO","ELECTRICO","SE DICE QUE SE CAMUFLA COMO UNA POKÉ BALL. AL MÁS MÍNIMO ESTÍMULO SE AUTODESTRUIRÁ.","https://raw.githubusercontent.com/PokeAPI/sprites/master/sprites/pokemon/other/official-artwork/100.png"
"ELECTRODE",1.20,66.60,"FINAL","ELECTRICO","ALMACENA TAL CANTIDAD DE ENERGÍA ELÉCTRICA EN SU CUERPO QUE EL MÁS LEVE IMPACTO PUEDE PROVOCAR UNA GRAN EXPLOSIÓN.","https://raw.githubusercontent.com/PokeAPI/sprites/master/sprites/pokemon/other/official-artwork/101.png"
"EXEGGCUTE",0.40,2.50,"BASICO","PLANTA","NECESITA CONTAR CON LA TOTALIDAD DE SUS SEIS MIEMBROS PARA MANTENER LA CALMA. SI DESAPARECE UNO SIQUIERA, LE ENTRAN GANAS DE SALIR HUYENDO.","https://raw.githubusercontent.com/PokeAPI/sprites/master/sprites/pokemon/other/official-artwork/102.png"
"EXEGGUTOR",2.00,120.00,"FINAL","PLANTA","PUEDE LANZAR ATAQUES PSÍQUICOS DE GRAN POTENCIA SI SUS TRES CABEZAS SE PONEN DE ACUERDO. CUANDO SE NUBLA EL CIELO, SUS MOVIMIENTOS SE RALENTIZAN.","https://raw.githubusercontent.com/PokeAPI/sprites/master/sprites/pokemon/other/official-artwork/103.png"
"CUBONE",0.40,6.50,"BASICO","TIERRA","LLEVA PUESTO EL CRÁNEO DE SU DIFUNTA MADRE. A VECES LLORA EN SUEÑOS, PERO CADA LÁGRIMA VERTIDA LE HACE MÁS FUERTE.","https://raw.githubusercontent.com/PokeAPI/sprites/master/sprites/pokemon/other/official-artwork/104.png"
"MAROWAK",1.00,45.00,"FINAL","TIERRA","AL EVOLUCIONAR, SE HA FUSIONADO CON EL CRÁNEO DE SU MADRE Y, ADEMÁS, HA ADQUIRIDO UN CARÁCTER AGRESIVO.","https://raw.githubusercontent.com/PokeAPI/sprites/master/sprites/pokemon/other/official-artwork/105.png"
"HITMONLEE",1.50,49.80,"FINAL","LUCHA","ENCOGE Y ESTIRA LAS PIERNAS A SU ANTOJO. DE HECHO, HASTA PUEDE PROPINAR UNA PATADA A UN RIVAL QUE SE ENCUENTRE LEJOS.","https://raw.githubusercontent.com/PokeAPI/sprites/master/sprites/pokemon/other/official-artwork/106.png"
"HITMONCHAN",1.40,50.20,"FINAL","LUCHA","SUS PUÑETAZOS SON CAPACES INCLUSO DE CORTAR EL AIRE, AUNQUE PARECE NECESITAR UN DESCANSO TRAS ESTAR LUCHANDO DURANTE 3 MIN.","https://raw.githubusercontent.com/PokeAPI/sprites/master/sprites/pokemon/other/official-artwork/107.png"
"LICKITUNG",1.20,65.50,"BASICO","NORMAL","SE NUTRE PRINCIPALMENTE DE POKÉMON INSECTO, A LOS QUE PARALIZA PRIMERO LAMIÉNDOLOS CON SU LARGA LENGUA Y LUEGO ENGULLE DE UN BOCADO.","https://raw.githubusercontent.com/PokeAPI/sprites/master/sprites/pokemon/other/official-artwork/108.png"
"KOFFING",0.60,1.00,"BASICO","VENENO","SE NUTRE DE AIRE CONTAMINADO. AL PARECER, ANTAÑO ERAN MUCHO MÁS NUMEROSOS EN GALAR.","https://raw.githubusercontent.com/PokeAPI/sprites/master/sprites/pokemon/other/official-artwork/109.png"
"WEEZING",1.20,9.50,"FINAL","VENENO","POSEE UNA CAPACIDAD DE SUCCIÓN INFERIOR A LA DEL WEEZING DE GALAR, PERO LAS TOXINAS QUE GENERA SON MÁS POTENTES.","https://raw.githubusercontent.com/PokeAPI/sprites/master/sprites/pokemon/other/official-artwork/110.png"
"RHYHORN",1.00,115.00,"BASICO","TIERRA","LA CABEZA NO LE DA PARA RETENER MÁS DE UNA COSA. SI SE PONE A CORRER, SE LE OLVIDA AL INSTANTE POR QUÉ EMPEZÓ A HACERLO.","https://raw.githubusercontent.com/PokeAPI/sprites/master/sprites/pokemon/other/official-artwork/111.png"
"RHYDON",1.90,120.00,"INTERMEDIO","TIERRA","LA PIEL LE SIRVE DE ESCUDO PROTECTOR. PUEDE VIVIR EN LAVA LÍQUIDA A 2000 °C.","https://raw.githubusercontent.com/PokeAPI/sprites/master/sprites/pokemon/other/official-artwork/112.png"
"CHANSEY",1.10,34.60,"INTERMEDIO","NORMAL","ESTE POKÉMON SOLÍA SER LENTO DE REFLEJOS, PERO HA DESARROLLADO UNA GRAN VELOCIDAD PARA EVITAR QUE LE ROBEN SUS PRECIADOS HUEVOS.","https://raw.githubusercontent.com/PokeAPI/sprites/master/sprites/pokemon/other/official-artwork/113.png"
"TANGELA",1.00,35.00,"BASICO","PLANTA","SUS LIANAS DESPIDEN UNA FRAGANCIA PECULIAR. EN CIERTA ZONA DE GALAR SE USAN COMO ADEREZO.","https://raw.githubusercontent.com/PokeAPI/sprites/master/sprites/pokemon/other/official-artwork/114.png"
"KANGASKHAN",2.20,80.00,"BASICO","NORMAL","SE HAN DOCUMENTADO CASOS DE KANGASKHAN SIN CRÍAS QUE HAN ADOPTADO BEBÉS HUMANOS CUYOS PADRES HABÍAN SIDO VÍCTIMAS DE ACCIDENTES.","https://raw.githubusercontent.com/PokeAPI/sprites/master/sprites/pokemon/other/official-artwork/115.png"
"HORSEA",0.40,8.00,"BASICO","AGUA","NADA CON LA GRACILIDAD DE UN BAILARÍN, CREANDO REMOLINOS A SU PASO, Y JUEGA CON SUS CONGÉNERES A VER QUIÉN FORMA EL MÁS GRANDE.","https://raw.githubusercontent.com/PokeAPI/sprites/master/sprites/pokemon/other/official-artwork/116.png"
"SEADRA",1.20,25.00,"INTERMEDIO","AGUA","SU ESTRECHO MORRO POSEE TAL FUERZA DE SUCCIÓN QUE ES CAPAZ DE ASPIRAR PRESAS DE MAYOR TAMAÑO Y ENGULLIRLAS ENTERAS.","https://raw.githubusercontent.com/PokeAPI/sprites/master/sprites/pokemon/other/official-artwork/117.png"
"GOLDEEN",0.60,15.00,"BASICO","AGUA","LA ALETA DORSAL Y LAS ALETAS PECTORALES ESTÁN TAN DESARROLLADAS QUE ACTÚAN COMO MÚSCULOS. PUEDE NADAR A UNA VELOCIDAD DE CINCO NUDOS.","https://raw.githubusercontent.com/PokeAPI/sprites/master/sprites/pokemon/other/official-artwork/118.png"
"SEAKING",1.30,39.00,"FINAL","AGUA","PERFORA LAS PIEDRAS DEL LECHO DEL RÍO CON SU CUERNO PARA HACER UN NIDO Y QUE LA CORRIENTE NO ARRASTRE SUS HUEVOS.","https://raw.githubusercontent.com/PokeAPI/sprites/master/sprites/pokemon/other/official-artwork/119.png"
"STARYU",0.80,34.50,"BASICO","AGUA","NO LE IMPORTA QUE LE MORDISQUEEN EL CUERPO LOS POKÉMON PEZ, YA QUE LAS PARTES DESGARRADAS SE REGENERAN CASI AL INSTANTE.","https://raw.githubusercontent.com/PokeAPI/sprites/master/sprites/pokemon/other/official-artwork/120.png"
"STARMIE",1.10,80.00,"FINAL","AGUA","STARMIE ABSORBE PLANCTON AL TIEMPO QUE NADA POR EL MAR HACIENDO GIRAR SU CUERPO A GRAN VELOCIDAD.","https://raw.githubusercontent.com/PokeAPI/sprites/master/sprites/pokemon/other/official-artwork/121.png"
"MR. MIME",1.30,54.50,"INTERMEDIO","PSIQUICO","DOMINA CON MAESTRÍA LA PANTOMIMA. LA BARRERA GENERADA CON LAS ONDAS QUE EMITE POR LOS DEDOS LE PERMITE PROTEGERSE DE NUMEROSOS ATAQUES.","https://raw.githubusercontent.com/PokeAPI/sprites/master/sprites/pokemon/other/official-artwork/122.png"
"SCYTHER",1.50,56.00,"BASICO","BICHO","EL TERRITORIO DE UN SCYTHER SE IDENTIFICA FÁCILMENTE POR EL GRAN NÚMERO DE ÁRBOLES TALADOS DE FORMA INDISCRIMINADA EN UNA MISMA ZONA DEL BOSQUE.","https://raw.githubusercontent.com/PokeAPI/sprites/master/sprites/pokemon/other/official-artwork/123.png"
"JYNX",1.40,40.60,"FINAL","HIELO","LOS EJEMPLARES QUE HABITAN EN GALAR POSEEN UNA VOZ TAN DELICADA Y HERMOSA QUE INCLUSO CUENTAN CON SU PROPIO GRUPO DE ADMIRADORES.","https://raw.githubusercontent.com/PokeAPI/sprites/master/sprites/pokemon/other/official-artwork/124.png"
"ELECTABUZZ",1.10,30.00,"INTERMEDIO","ELECTRICO","AL DESATARSE UNA TORMENTA, SE REÚNEN EN TORNO A LOS ÁRBOLES DE MAYOR ALTURA Y ESPERAN INMÓVILES A QUE CAIGA ALGÚN RAYO.","https://raw.githubusercontent.com/PokeAPI/sprites/master/sprites/pokemon/other/official-artwork/125.png"
"MAGMAR",1.30,44.50,"INTERMEDIO","FUEGO","UN POKÉMON CUYO CUERPO ESTÁ SIEMPRE ENVUELTO EN LLAMAS. ES TEMIDO PORQUE SE LO CONSIDERA UN CAUSANTE POTENCIAL DE INCENDIOS.","https://raw.githubusercontent.com/PokeAPI/sprites/master/sprites/pokemon/other/official-artwork/126.png"
"PINSIR",1.50,55.00,"BASICO","BICHO","USA LA CORNAMENTA A MODO DE PINZA PARA ATRAPAR A SUS PRESAS. ACTO SEGUIDO, LAS PARTE POR LA MITAD O LAS ARROJA LEJOS.","https://raw.githubusercontent.com/PokeAPI/sprites/master/sprites/pokemon/other/official-artwork/127.png"
"TAUROS",1.40,88.40,"BASICO","NORMAL","LOS TAUROS QUE HABITAN EN LA REGIÓN DE GALAR SON DE TEMPERAMENTO IRASCIBLE Y NO PERMITEN QUE LOS HUMANOS MONTEN EN SU LOMO.","https://raw.githubusercontent.com/PokeAPI/sprites/master/sprites/pokemon/other/official-artwork/128.png"
"MAGIKARP",0.90,10.00,"BASICO","AGUA","ESTE POKÉMON DÉBIL Y PATÉTICO SE LIMITA A DEJARSE LLEVAR POR LA CORRIENTE CUANDO ESTA TIENE FUERZA.","https://raw.githubusercontent.com/PokeAPI/sprites/master/sprites/pokemon/other/official-artwork/129.png"
"GYARADOS",6.50,235.00,"FINAL","AGUA","CUANDO MONTA EN CÓLERA, PUEDE QUEMARLO TODO, INCLUSO EN MEDIO DE LA MÁS VIOLENTA TORMENTA.","https://raw.githubusercontent.com/PokeAPI/sprites/master/sprites/pokemon/other/official-artwork/130.png"
"LAPRAS",2.50,220.00,"BASICO","AGUA","NADA SIN PROBLEMA EN AGUAS HELADAS GRACIAS A LA SOBERBIA RESISTENCIA AL FRÍO QUE POSEE. SU TERSA PIEL ES LIGERAMENTE FRÍA AL TACTO.","https://raw.githubusercontent.com/PokeAPI/sprites/master/sprites/pokemon/other/official-artwork/131.png"
"DITTO",0.30,4.00,"BASICO","NORMAL","CUANDO SE ENCUENTRA CON OTRO DITTO, SE MUEVE MÁS RÁPIDO DE LO NORMAL PARA INTENTAR ADOPTAR SU ASPECTO.","https://raw.githubusercontent.com/PokeAPI/sprites/master/sprites/pokemon/other/official-artwork/132.png"
"EEVEE",0.30,6.50,"BASICO","NORMAL","SU IRREGULAR ESTRUCTURA GENÉTICA ALBERGA EL SECRETO DE LA CAPACIDAD QUE POSEE ESTE POKÉMON TAN ESPECIAL PARA ADOPTAR EVOLUCIONES MUY VARIADAS.","https://raw.githubusercontent.com/PokeAPI/sprites/master/sprites/pokemon/other/official-artwork/133.png"
"VAPOREON",1.00,29.00,"FINAL","AGUA","LA COMPOSICIÓN CELULAR DE SU CUERPO ES TAN SIMILAR A LA ESTRUCTURA MOLECULAR DEL AGUA QUE SE VUELVE INVISIBLE AL FUNDIRSE EN ELLA.","https://raw.githubusercontent.com/PokeAPI/sprites/master/sprites/pokemon/other/official-artwork/134.png"
"JOLTEON",0.80,24.50,"FINAL","ELECTRICO","ACUMULA IONES NEGATIVOS DE LA ATMÓSFERA PARA LANZAR RAYOS DE 10 000 V DE POTENCIA.","https://raw.githubusercontent.com/PokeAPI/sprites/master/sprites/pokemon/other/official-artwork/135.png"
"FLAREON",0.90,25.00,"FINAL","FUEGO","ALMACENA PARTE DEL AIRE QUE INHALA EN LA SACA DE FUEGO DE SU INTERIOR, QUE LLEGA A CALENTARSE A MÁS DE 1700 °C.","https://raw.githubusercontent.com/PokeAPI/sprites/master/sprites/pokemon/other/official-artwork/136.png"
"PORYGON",0.80,36.50,"BASICO","NORMAL","DURANTE LOS ÚLTIMOS AÑOS, HA ESTADO MUY ACTIVO EN EL CIBERESPACIO COMPROBANDO QUE NO HAYA DATOS SOSPECHOSOS.","https://raw.githubusercontent.com/PokeAPI/sprites/master/sprites/pokemon/other/official-artwork/137.png"
"OMANYTE",0.40,7.50,"BASICO","ROCA","UN POKÉMON DE LA ERA PREHISTÓRICA, AHORA EXTINTO. SOLÍA NADAR MOVIENDO SUS DIEZ TENTÁCULOS PARA DESPLAZARSE POR EL AGUA COMO SI FLOTARA.","https://raw.githubusercontent.com/PokeAPI/sprites/master/sprites/pokemon/other/official-artwork/138.png"
"OMASTAR",1.00,35.00,"FINAL","ROCA","POSEE UNOS COLMILLOS AFILADOS CON LOS QUE PUEDE PARTIR PIEDRAS, PERO SOLO ATACA A PRESAS QUE SE HALLAN AL ALCANCE DE SUS TENTÁCULOS.","https://raw.githubusercontent.com/PokeAPI/sprites/master/sprites/pokemon/other/official-artwork/139.png"
"KABUTO",0.50,11.50,"BASICO","ROCA","SE CONSIDERABA EXTINTO, PERO, AL PARECER, EXISTEN DETERMINADAS ZONAS EN LAS QUE ES POSIBLE HALLAR EJEMPLARES CON FACILIDAD.","https://raw.githubusercontent.com/PokeAPI/sprites/master/sprites/pokemon/other/official-artwork/140.png"
"KABUTOPS",1.30,40.50,"FINAL","ROCA","SE DESCONOCE EL MOTIVO DE LA EXTINCIÓN DE ESTE FEROZ POKÉMON PREHISTÓRICO QUE HABITABA EN LOS CÁLIDOS MARES DE ANTAÑO.","https://raw.githubusercontent.com/PokeAPI/sprites/master/sprites/pokemon/other/official-artwork/141.png"
"AERODACTYL",1.80,59.00,"BASICO","ROCA","SUS COLMILLOS, AFILADOS COMO SIERRAS, PUEDEN HACER TRIZAS INCLUSO LA PIEL DE POKÉMON DE TIPO ACERO.","https://raw.githubusercontent.com/PokeAPI/sprites/master/sprites/pokemon/other/official-artwork/142.png"
"SNORLAX",2.10,460.00,"FINAL","NORMAL","ESTE POKÉMON TIENE UN ESTÓMAGO A PRUEBA DE BOMBA, POR LO QUE ES CAPAZ DE INGERIR INCLUSO COMIDA PODRIDA O MOHOSA.","https://raw.githubusercontent.com/PokeAPI/sprites/master/sprites/pokemon/other/official-artwork/143.png"
"ARTICUNO",1.70,55.40,"BASICO","HIELO","POSEE EL PODER DE CONTROLAR EL HIELO A SU ANTOJO. SE DICE QUE ESTE POKÉMON HABITA EN MONTAÑAS DE NIEVES PERPETUAS.","https://raw.githubusercontent.com/PokeAPI/sprites/master/sprites/pokemon/other/official-artwork/144.png"
"ZAPDOS",1.60,52.60,"BASICO","ELECTRICO","UNA DE LAS AVES LEGENDARIAS. DICEN QUE, CUANDO ESTE POKÉMON FROTA LAS ALAS, CAE AL INSTANTE UN RELÁMPAGO DEL CIELO.","https://raw.githubusercontent.com/PokeAPI/sprites/master/sprites/pokemon/other/official-artwork/145.png"
"MOLTRES",2.00,60.00,"BASICO","FUEGO","SE CUENTA QUE ALGUNA VEZ HA ILUMINADO EL CAMINO CON SUS ALAS FLAMÍGERAS PARA RESCATAR A ALGUIEN QUE SE HABÍA PERDIDO EN LA MONTAÑA.","https://raw.githubusercontent.com/PokeAPI/sprites/master/sprites/pokemon/other/official-artwork/146.png"
"DRATINI",1.80,3.30,"BASICO","DRAGON","DURANTE MUCHO TIEMPO SE DUDÓ DE SU EXISTENCIA. LA PEQUEÑA PROTUBERANCIA DE LA FRENTE ES EN REALIDAD UN CUERNO INCIPIENTE.","https://raw.githubusercontent.com/PokeAPI/sprites/master/sprites/pokemon/other/official-artwork/147.png"
"DRAGONAIR",4.00,16.50,"INTERMEDIO","DRAGON","ACUMULA ENERGÍA EN LAS ESFERAS DE LA COLA PARA CONTROLAR EL CLIMA. LA SUTIL AURA QUE LO RODEA LE CONFIERE UN ASPECTO MISTERIOSO Y MÍSTICO.","https://raw.githubusercontent.com/PokeAPI/sprites/master/sprites/pokemon/other/official-artwork/148.png"
"DRAGONITE",2.20,210.00,"FINAL","DRAGON","SE LO CONOCE COMO EL AVATAR DE LA MAR. MUCHOS BARCOS LUCEN UNA TALLA DE DRAGONITE COMO MASCARÓN DE PROA.","https://raw.githubusercontent.com/PokeAPI/sprites/master/sprites/pokemon/other/official-artwork/149.png"
"MEWTWO",2.00,122.00,"BASICO","PSIQUICO","SU ADN ES CASI EL MISMO QUE EL DE MEW. SIN EMBARGO, SU TAMAÑO Y CARÁCTER SON MUY DIFERENTES.","https://raw.githubusercontent.com/PokeAPI/sprites/master/sprites/pokemon/other/official-artwork/150.png"
"MEW",0.40,4.00,"BASICO","PSIQUICO","SI SE OBSERVA A TRAVÉS DE UN MICROSCOPIO, PUEDE DISTINGUIRSE CUÁN CORTO, FINO Y DELICADO ES EL PELAJE DE ESTE POKÉMON.","https://raw.githubusercontent.com/PokeAPI/sprites/master/sprites/pokemon/other/official-artwork/151.png"
